{
    "Test Json": [
        {
            "Index": 123123,
            "Name": "Nero",
            "Value_1": 123.45600128173828,
            "Value 2": 999.9990234375
        }
    ]
}